{"cameraMode":{"drawMode":0,"name":"Shaded","section":"Shading Mode"},"sceneLighting":true,"audioPlay":false,"sceneViewState":{"m_AlwaysRefresh":false,"showFog":true,"showSkybox":true,"showFlares":true,"showImageEffects":true,"showParticleSystems":true,"showVisualEffectGraphs":true,"m_FxEnabled":true},"in2DMode":false,"pivot":{"x":-1.4808802604675294,"y":-14.834280014038086,"z":-37.417240142822269},"rotation":{"x":0.0012620986672118307,"y":-0.9877774715423584,"z":0.155669167637825,"w":0.008007806725800038},"size":29.59896469116211,"orthographic":false}